{
 "nano": {
  "tag": "nano",
  "checkpoint": "scribe.pt",
  "per_field": {
   "cc": {
    "gap_mean": 45.28278388278388,
    "gap_sd": 8.099138355862147,
    "per_instance": [
     53.55555555555556,
     42.00000000000001,
     51.02197802197802,
     33.111111111111114,
     46.72527472527472
    ]
   },
   "dur": {
    "gap_mean": 0.0,
    "gap_sd": 0.0,
    "per_instance": [
     0.0,
     0.0,
     0.0,
     0.0,
     0.0
    ]
   },
   "sev": {
    "gap_mean": 0.0,
    "gap_sd": 0.0,
    "per_instance": [
     0.0,
     0.0,
     0.0,
     0.0,
     0.0
    ]
   },
   "med": {
    "gap_mean": 23.77672327672327,
    "gap_sd": 4.783871834334383,
    "per_instance": [
     16.666666666666664,
     26.136363636363637,
     29.670329670329664,
     23.33333333333333,
     23.076923076923073
    ]
   },
   "alg": {
    "gap_mean": 22.465367965367964,
    "gap_sd": 4.506694643739651,
    "per_instance": [
     18.88888888888889,
     26.136363636363637,
     16.483516483516482,
     24.444444444444446,
     26.37362637362637
    ]
   }
  },
  "note": "gap = seen-value recall - held-value recall, per field, over 5 instances (m0-m4)"
 },
 "scale": {
  "tag": "scale",
  "checkpoint": "scale10m_scribe.pt",
  "per_field": {
   "cc": {
    "gap_mean": 58.197979797979805,
    "gap_sd": 3.4893807447509357,
    "per_instance": [
     57.99999999999999,
     62.989898989899,
     60.0,
     54.0,
     56.00000000000001
    ]
   },
   "dur": {
    "gap_mean": 0.0,
    "gap_sd": 0.0,
    "per_instance": [
     0.0,
     0.0,
     0.0,
     0.0,
     0.0
    ]
   },
   "sev": {
    "gap_mean": 0.0,
    "gap_sd": 0.0,
    "per_instance": [
     0.0,
     0.0,
     0.0,
     0.0,
     0.0
    ]
   },
   "med": {
    "gap_mean": 14.2,
    "gap_sd": 2.280350850198278,
    "per_instance": [
     10.999999999999998,
     17.000000000000004,
     15.000000000000002,
     13.0,
     15.000000000000002
    ]
   },
   "alg": {
    "gap_mean": 21.2,
    "gap_sd": 4.5497252664309284,
    "per_instance": [
     17.000000000000004,
     25.0,
     16.000000000000004,
     21.999999999999996,
     26.0
    ]
   }
  },
  "note": "gap = seen-value recall - held-value recall, per field, over 5 instances (m0-m4)"
 }
}