{
 "stage": "T-v2",
 "model": "EleutherAI/pythia-160m",
 "prereg": "trajectory/PREREG_Tv2.md",
 "seeds": {
  "harness": 20260717,
  "fresh_instances": [
   20260720,
   20260721,
   20260722,
   20260723,
   20260724
  ]
 },
 "hparams": {
  "lr": 0.0001,
  "epochs": 3,
  "micro_batch": 8,
  "accum": 4,
  "lora": {
   "r": 16,
   "alpha": 32,
   "dropout": 0.0,
   "targets": [
    "query_key_value",
    "dense",
    "dense_h_to_4h",
    "dense_4h_to_h"
   ]
  },
  "trainable_params": 2359296,
  "precision": "fp16-autocast"
 },
 "decoding": "greedy, stop on EOS only, max_new 64",
 "bootstrap_resamples": 10000,
 "versions": {
  "torch": "2.10.0+cu128",
  "transformers": "5.0.0",
  "peft": "0.19.1",
  "python": "3.12.13"
 },
 "gpu": "Tesla T4",
 "train_wall_secs": 397,
 "base_control": {
  "parse": 0.0,
  "recall": 0.0,
  "halluc": 0.0,
  "seen_recall": null,
  "held_recall": null,
  "held_parsed": 0,
  "seen_parsed": 0,
  "gap_pts": null,
  "gap_ci_pts": null,
  "n": 40
 },
 "inst0": {
  "parse": 1.0,
  "recall": 0.965,
  "halluc": 0.035,
  "seen_recall": 1.0,
  "held_recall": 0.93,
  "held_parsed": 20,
  "seen_parsed": 20,
  "gap_pts": 6.999999999999995,
  "gap_ci_pts": [
   3.0000000000000027,
   10.999999999999998
  ],
  "n": 40
 },
 "instT": {
  "parse": 1.0,
  "recall": 0.99,
  "halluc": 0.01,
  "seen_recall": 1.0,
  "held_recall": 0.98,
  "held_parsed": 20,
  "seen_parsed": 20,
  "gap_pts": 2.0000000000000018,
  "gap_ci_pts": [
   0.0,
   5.000000000000004
  ],
  "n": 40
 },
 "fresh_instances": [
  {
   "parse": 1.0,
   "recall": 0.984,
   "halluc": 0.016,
   "seen_recall": 0.998,
   "held_recall": 0.97,
   "held_parsed": 100,
   "seen_parsed": 100,
   "gap_pts": 2.8000000000000025,
   "gap_ci_pts": [
    1.4000000000000012,
    4.400000000000004
   ],
   "n": 200
  },
  {
   "parse": 1.0,
   "recall": 0.979,
   "halluc": 0.021,
   "seen_recall": 1.0,
   "held_recall": 0.958,
   "held_parsed": 100,
   "seen_parsed": 100,
   "gap_pts": 4.200000000000004,
   "gap_ci_pts": [
    2.6000000000000023,
    5.800000000000005
   ],
   "n": 200
  },
  {
   "parse": 1.0,
   "recall": 0.986,
   "halluc": 0.014,
   "seen_recall": 1.0,
   "held_recall": 0.972,
   "held_parsed": 100,
   "seen_parsed": 100,
   "gap_pts": 2.8000000000000025,
   "gap_ci_pts": [
    1.4000000000000012,
    4.200000000000004
   ],
   "n": 200
  },
  {
   "parse": 1.0,
   "recall": 0.983,
   "halluc": 0.017,
   "seen_recall": 1.0,
   "held_recall": 0.966,
   "held_parsed": 100,
   "seen_parsed": 100,
   "gap_pts": 3.400000000000003,
   "gap_ci_pts": [
    2.0000000000000018,
    5.000000000000004
   ],
   "n": 200
  },
  {
   "parse": 1.0,
   "recall": 0.979,
   "halluc": 0.021,
   "seen_recall": 1.0,
   "held_recall": 0.958,
   "held_parsed": 100,
   "seen_parsed": 100,
   "gap_pts": 4.200000000000004,
   "gap_ci_pts": [
    2.6000000000000023,
    5.800000000000005
   ],
   "n": 200
  }
 ],
 "fresh_gaps": [
  2.8000000000000025,
  4.200000000000004,
  2.8000000000000025,
  3.400000000000003,
  4.200000000000004
 ],
 "gap_mean": 3.4800000000000026,
 "gap_sd": 0.7014271166700079,
 "gap_2sd_band": [
  2.077145766659987,
  4.8828542333400184
 ],
 "contamination_flag": false
}